"","age","cost_type","COR","pval"
"1","adult","cdc",0.992752984042044,3.73943500860463e-16
"2","adult","private",0.988185560508737,1.83925413794565e-14
"3","ped","cdc",0.966996895191775,2.28441763740396e-19
"4","ped","private",0.990194228834503,3.30696121163883e-27
